customerid,country
17850.0,United Kingdom
13047.0,United Kingdom
12583.0,France
13748.0,United Kingdom
15100.0,United Kingdom
15291.0,United Kingdom
14688.0,United Kingdom
17809.0,United Kingdom
15311.0,United Kingdom
16098.0,United Kingdom
18074.0,United Kingdom
17420.0,United Kingdom
16029.0,United Kingdom
16250.0,United Kingdom
12431.0,Australia
17511.0,United Kingdom
13705.0,United Kingdom
13747.0,United Kingdom
13408.0,United Kingdom
13767.0,United Kingdom
17924.0,United Kingdom
13448.0,United Kingdom
15862.0,United Kingdom
15513.0,United Kingdom
12791.0,Netherlands
16218.0,United Kingdom
14045.0,United Kingdom
14307.0,United Kingdom
17908.0,United Kingdom
17920.0,United Kingdom
12838.0,United Kingdom
13255.0,United Kingdom
16583.0,United Kingdom
18085.0,United Kingdom
13758.0,United Kingdom
13694.0,United Kingdom
15983.0,United Kingdom
14849.0,United Kingdom
17968.0,United Kingdom
16210.0,United Kingdom
17897.0,United Kingdom
17377.0,United Kingdom
16552.0,United Kingdom
17181.0,United Kingdom
17951.0,United Kingdom
14729.0,United Kingdom
12748.0,United Kingdom
15012.0,United Kingdom
12868.0,United Kingdom
17572.0,United Kingdom
14078.0,United Kingdom
14001.0,United Kingdom
12662.0,Germany
15525.0,United Kingdom
14237.0,United Kingdom
17905.0,United Kingdom
15485.0,United Kingdom
12433.0,Norway
16955.0,United Kingdom
15350.0,United Kingdom
15605.0,United Kingdom
18144.0,United Kingdom
15922.0,United Kingdom
14594.0,United Kingdom
15165.0,United Kingdom
14911.0,EIRE
16456.0,United Kingdom
17346.0,United Kingdom
17643.0,United Kingdom
17841.0,United Kingdom
17873.0,United Kingdom
13093.0,United Kingdom
12921.0,United Kingdom
13468.0,United Kingdom
17760.0,United Kingdom
16928.0,United Kingdom
16048.0,United Kingdom
16274.0,United Kingdom
14496.0,United Kingdom
14696.0,United Kingdom
16539.0,United Kingdom
17025.0,United Kingdom
13777.0,United Kingdom
17690.0,United Kingdom
12947.0,United Kingdom
17460.0,United Kingdom
18229.0,United Kingdom
14142.0,United Kingdom
17069.0,United Kingdom
13065.0,United Kingdom
14606.0,United Kingdom
16835.0,United Kingdom
15235.0,United Kingdom
13576.0,United Kingdom
18011.0,United Kingdom
13090.0,United Kingdom
15694.0,United Kingdom
14741.0,United Kingdom
13715.0,United Kingdom
17732.0,United Kingdom
12855.0,United Kingdom
15752.0,United Kingdom
17855.0,United Kingdom
14047.0,United Kingdom
17925.0,United Kingdom
13941.0,United Kingdom
17017.0,United Kingdom
14135.0,United Kingdom
13108.0,United Kingdom
15601.0,United Kingdom
13418.0,United Kingdom
15658.0,United Kingdom
14388.0,United Kingdom
14901.0,United Kingdom
18041.0,United Kingdom
15955.0,United Kingdom
15070.0,United Kingdom
16244.0,United Kingdom
15111.0,United Kingdom
14390.0,United Kingdom
16546.0,United Kingdom
15260.0,United Kingdom
13305.0,United Kingdom
14491.0,United Kingdom
14060.0,United Kingdom
15923.0,United Kingdom
16752.0,United Kingdom
17287.0,United Kingdom
15363.0,United Kingdom
12915.0,United Kingdom
15544.0,United Kingdom
15738.0,United Kingdom
17381.0,United Kingdom
15827.0,United Kingdom
14180.0,United Kingdom
13117.0,United Kingdom
16916.0,United Kingdom
17964.0,United Kingdom
14466.0,United Kingdom
17235.0,United Kingdom
16510.0,United Kingdom
17802.0,United Kingdom
15107.0,United Kingdom
17976.0,United Kingdom
14449.0,United Kingdom
16781.0,United Kingdom
13491.0,United Kingdom
16186.0,United Kingdom
17685.0,United Kingdom
17581.0,United Kingdom
15732.0,United Kingdom
13138.0,United Kingdom
15823.0,United Kingdom
17567.0,United Kingdom
15061.0,United Kingdom
16203.0,United Kingdom
15640.0,United Kingdom
15574.0,United Kingdom
16770.0,United Kingdom
17838.0,United Kingdom
17228.0,United Kingdom
14829.0,United Kingdom
17412.0,United Kingdom
14031.0,United Kingdom
14775.0,United Kingdom
12971.0,United Kingdom
17659.0,United Kingdom
15299.0,United Kingdom
15646.0,United Kingdom
13402.0,United Kingdom
17757.0,United Kingdom
13011.0,United Kingdom
13798.0,United Kingdom
16754.0,United Kingdom
16634.0,United Kingdom
18239.0,United Kingdom
14576.0,United Kingdom
13145.0,United Kingdom
18168.0,United Kingdom
14395.0,United Kingdom
14865.0,United Kingdom
15093.0,United Kingdom
12738.0,Germany
16150.0,United Kingdom
17552.0,United Kingdom
14236.0,United Kingdom
17961.0,United Kingdom
14573.0,United Kingdom
17135.0,United Kingdom
17396.0,United Kingdom
12967.0,United Kingdom
12686.0,France
13370.0,United Kingdom
16883.0,United Kingdom
13520.0,Switzerland
12841.0,United Kingdom
16905.0,United Kingdom
12427.0,Germany
17967.0,United Kingdom
16891.0,United Kingdom
14589.0,United Kingdom
14156.0,EIRE
14680.0,United Kingdom
17884.0,United Kingdom
12557.0,Spain
14083.0,United Kingdom
13013.0,United Kingdom
14210.0,United Kingdom
16477.0,United Kingdom
12600.0,Germany
16013.0,United Kingdom
17949.0,United Kingdom
12779.0,Poland
16926.0,United Kingdom
17787.0,United Kingdom
12682.0,France
14723.0,United Kingdom
17954.0,United Kingdom
17819.0,United Kingdom
12712.0,Germany
15373.0,United Kingdom
16140.0,United Kingdom
17198.0,United Kingdom
17238.0,United Kingdom
12793.0,Portugal
15769.0,United Kingdom
14396.0,United Kingdom
14898.0,United Kingdom
12725.0,Italy
16725.0,United Kingdom
12395.0,Belgium
16455.0,United Kingdom
13081.0,United Kingdom
15545.0,United Kingdom
17243.0,United Kingdom
15465.0,United Kingdom
13089.0,United Kingdom
16033.0,United Kingdom
13838.0,United Kingdom
18055.0,United Kingdom
15038.0,United Kingdom
18109.0,United Kingdom
13069.0,United Kingdom
16241.0,United Kingdom
14800.0,United Kingdom
15708.0,United Kingdom
16839.0,United Kingdom
16168.0,United Kingdom
16931.0,United Kingdom
16814.0,United Kingdom
15351.0,United Kingdom
13269.0,United Kingdom
14813.0,United Kingdom
12567.0,France
17062.0,United Kingdom
15332.0,Lithuania
14810.0,United Kingdom
16353.0,United Kingdom
18118.0,United Kingdom
13831.0,United Kingdom
13506.0,United Kingdom
17796.0,United Kingdom
15716.0,United Kingdom
18156.0,United Kingdom
16983.0,United Kingdom
17059.0,United Kingdom
16327.0,United Kingdom
17211.0,United Kingdom
17026.0,United Kingdom
15570.0,United Kingdom
15880.0,United Kingdom
16718.0,United Kingdom
15808.0,United Kingdom
17858.0,United Kingdom
16393.0,United Kingdom
14527.0,United Kingdom
14161.0,United Kingdom
17863.0,United Kingdom
16411.0,United Kingdom
16402.0,United Kingdom
15023.0,United Kingdom
17402.0,United Kingdom
15426.0,United Kingdom
12647.0,Germany
15894.0,United Kingdom
15867.0,United Kingdom
12472.0,Germany
14506.0,United Kingdom
15555.0,United Kingdom
13034.0,United Kingdom
15889.0,United Kingdom
15953.0,United Kingdom
16143.0,United Kingdom
12720.0,Germany
16422.0,United Kingdom
12747.0,United Kingdom
15502.0,United Kingdom
12763.0,Japan
14081.0,United Kingdom
17965.0,United Kingdom
14404.0,United Kingdom
13579.0,United Kingdom
13174.0,United Kingdom
15987.0,United Kingdom
17677.0,United Kingdom
13652.0,United Kingdom
17428.0,United Kingdom
16858.0,United Kingdom
16161.0,United Kingdom
18219.0,United Kingdom
14293.0,United Kingdom
14748.0,United Kingdom
16638.0,United Kingdom
17674.0,United Kingdom
12808.0,Portugal
13094.0,United Kingdom
15899.0,United Kingdom
12708.0,Germany
15898.0,United Kingdom
14443.0,United Kingdom
17691.0,United Kingdom
17227.0,United Kingdom
15039.0,United Kingdom
15919.0,United Kingdom
13497.0,United Kingdom
15860.0,United Kingdom
14189.0,United Kingdom
15304.0,United Kingdom
14344.0,United Kingdom
16719.0,United Kingdom
15048.0,United Kingdom
15301.0,United Kingdom
14708.0,United Kingdom
16898.0,United Kingdom
14825.0,United Kingdom
18113.0,United Kingdom
17596.0,United Kingdom
15078.0,United Kingdom
14085.0,United Kingdom
17860.0,United Kingdom
13155.0,United Kingdom
15028.0,United Kingdom
16919.0,United Kingdom
17259.0,United Kingdom
17019.0,United Kingdom
16722.0,United Kingdom
15882.0,United Kingdom
14667.0,United Kingdom
16710.0,United Kingdom
15984.0,United Kingdom
14487.0,United Kingdom
17682.0,United Kingdom
16658.0,United Kingdom
16550.0,United Kingdom
17068.0,United Kingdom
15356.0,United Kingdom
17223.0,United Kingdom
16817.0,United Kingdom
13030.0,United Kingdom
17191.0,United Kingdom
15194.0,United Kingdom
14409.0,United Kingdom
16654.0,United Kingdom
13495.0,United Kingdom
17519.0,United Kingdom
17218.0,United Kingdom
17812.0,United Kingdom
14215.0,United Kingdom
15602.0,United Kingdom
17320.0,United Kingdom
12913.0,United Kingdom
17869.0,United Kingdom
13564.0,United Kingdom
13963.0,United Kingdom
17450.0,United Kingdom
17091.0,United Kingdom
17470.0,United Kingdom
17616.0,United Kingdom
15649.0,United Kingdom
12681.0,France
14907.0,United Kingdom
17735.0,United Kingdom
16059.0,United Kingdom
17720.0,United Kingdom
15018.0,United Kingdom
15838.0,United Kingdom
14733.0,United Kingdom
13756.0,United Kingdom
14176.0,United Kingdom
15353.0,United Kingdom
18119.0,United Kingdom
17491.0,United Kingdom
14282.0,United Kingdom
13569.0,United Kingdom
14673.0,United Kingdom
13488.0,United Kingdom
16221.0,United Kingdom
15002.0,United Kingdom
15965.0,United Kingdom
15024.0,United Kingdom
17675.0,United Kingdom
13769.0,United Kingdom
16904.0,United Kingdom
16086.0,United Kingdom
13786.0,United Kingdom
13880.0,United Kingdom
13173.0,United Kingdom
15858.0,United Kingdom
15180.0,United Kingdom
12347.0,Iceland
14739.0,United Kingdom
16293.0,United Kingdom
17419.0,United Kingdom
16775.0,United Kingdom
16306.0,United Kingdom
16950.0,United Kingdom
17591.0,United Kingdom
12839.0,United Kingdom
13807.0,United Kingdom
16125.0,United Kingdom
15081.0,United Kingdom
18102.0,United Kingdom
16365.0,United Kingdom
17870.0,United Kingdom
14821.0,United Kingdom
16863.0,United Kingdom
13078.0,United Kingdom
13267.0,United Kingdom
13050.0,United Kingdom
12709.0,Germany
15628.0,United Kingdom
12386.0,Australia
16779.0,United Kingdom
13599.0,United Kingdom
13329.0,United Kingdom
18077.0,United Kingdom
14744.0,United Kingdom
17406.0,United Kingdom
15750.0,United Kingdom
13983.0,United Kingdom
13842.0,United Kingdom
14796.0,United Kingdom
12441.0,France
13199.0,United Kingdom
14032.0,United Kingdom
17706.0,United Kingdom
16081.0,United Kingdom
16525.0,United Kingdom
17975.0,United Kingdom
16122.0,United Kingdom
13126.0,United Kingdom
15973.0,United Kingdom
16558.0,United Kingdom
16893.0,United Kingdom
15021.0,United Kingdom
15529.0,United Kingdom
15498.0,United Kingdom
18043.0,United Kingdom
16016.0,United Kingdom
17722.0,United Kingdom
17324.0,United Kingdom
17341.0,United Kingdom
14051.0,United Kingdom
16233.0,United Kingdom
16385.0,United Kingdom
15032.0,United Kingdom
16713.0,United Kingdom
17213.0,United Kingdom
18061.0,United Kingdom
15916.0,United Kingdom
15221.0,United Kingdom
13455.0,United Kingdom
13113.0,United Kingdom
14217.0,United Kingdom
17262.0,United Kingdom
18259.0,United Kingdom
17676.0,United Kingdom
16679.0,United Kingdom
18269.0,United Kingdom
12766.0,Portugal
15298.0,United Kingdom
13523.0,United Kingdom
15005.0,United Kingdom
15581.0,United Kingdom
15680.0,United Kingdom
13649.0,United Kingdom
17894.0,United Kingdom
13270.0,United Kingdom
14866.0,United Kingdom
13077.0,United Kingdom
13531.0,United Kingdom
13848.0,United Kingdom
13140.0,United Kingdom
15713.0,United Kingdom
17999.0,United Kingdom
15347.0,United Kingdom
14766.0,United Kingdom
17340.0,United Kingdom
13984.0,United Kingdom
15996.0,United Kingdom
14030.0,United Kingdom
16596.0,United Kingdom
16700.0,United Kingdom
16011.0,United Kingdom
17655.0,United Kingdom
16717.0,United Kingdom
14243.0,United Kingdom
12963.0,United Kingdom
15079.0,United Kingdom
14437.0,United Kingdom
12942.0,United Kingdom
15660.0,United Kingdom
18092.0,United Kingdom
15358.0,United Kingdom
13319.0,United Kingdom
12481.0,Germany
12621.0,Germany
14299.0,United Kingdom
18071.0,United Kingdom
12683.0,France
12755.0,Japan
13854.0,United Kingdom
12797.0,Portugal
16782.0,United Kingdom
13369.0,United Kingdom
12494.0,France
17857.0,United Kingdom
14932.0,Channel Islands
12429.0,Denmark
14987.0,United Kingdom
14355.0,United Kingdom
17526.0,United Kingdom
14896.0,United Kingdom
14440.0,United Kingdom
13240.0,United Kingdom
14479.0,United Kingdom
16065.0,United Kingdom
17430.0,United Kingdom
16520.0,United Kingdom
15945.0,United Kingdom
15856.0,United Kingdom
13102.0,United Kingdom
15271.0,United Kingdom
13982.0,United Kingdom
15288.0,United Kingdom
17978.0,United Kingdom
16795.0,United Kingdom
16519.0,United Kingdom
17816.0,United Kingdom
16255.0,United Kingdom
17671.0,United Kingdom
17646.0,United Kingdom
12872.0,United Kingdom
17339.0,United Kingdom
17097.0,Spain
15192.0,United Kingdom
15380.0,United Kingdom
17950.0,United Kingdom
12826.0,United Kingdom
17456.0,United Kingdom
15811.0,United Kingdom
13327.0,United Kingdom
18225.0,United Kingdom
15211.0,United Kingdom
15596.0,United Kingdom
16163.0,United Kingdom
16907.0,United Kingdom
17576.0,United Kingdom
14713.0,United Kingdom
14702.0,United Kingdom
13230.0,United Kingdom
13969.0,United Kingdom
17530.0,United Kingdom
15805.0,United Kingdom
12471.0,Germany
17696.0,United Kingdom
17076.0,United Kingdom
17827.0,United Kingdom
16265.0,United Kingdom
17880.0,United Kingdom
13000.0,United Kingdom
16499.0,United Kingdom
17790.0,United Kingdom
12731.0,France
14419.0,United Kingdom
14082.0,United Kingdom
17912.0,United Kingdom
15723.0,United Kingdom
16656.0,United Kingdom
14037.0,United Kingdom
14256.0,United Kingdom
14543.0,United Kingdom
16062.0,United Kingdom
18116.0,United Kingdom
16019.0,United Kingdom
18178.0,United Kingdom
18065.0,United Kingdom
14952.0,United Kingdom
13148.0,United Kingdom
12989.0,United Kingdom
14107.0,United Kingdom
15881.0,United Kingdom
12785.0,Portugal
16727.0,United Kingdom
15514.0,United Kingdom
13787.0,United Kingdom
17865.0,United Kingdom
17220.0,United Kingdom
16565.0,United Kingdom
16873.0,United Kingdom
14062.0,United Kingdom
18016.0,United Kingdom
14448.0,United Kingdom
15503.0,United Kingdom
17251.0,United Kingdom
16923.0,United Kingdom
14159.0,United Kingdom
14577.0,United Kingdom
17126.0,United Kingdom
12753.0,Japan
17236.0,United Kingdom
17372.0,United Kingdom
16367.0,United Kingdom
12875.0,United Kingdom
17917.0,United Kingdom
16010.0,United Kingdom
17085.0,United Kingdom
15224.0,United Kingdom
13668.0,United Kingdom
14684.0,United Kingdom
17188.0,United Kingdom
15547.0,United Kingdom
15998.0,United Kingdom
14413.0,United Kingdom
18004.0,United Kingdom
13959.0,United Kingdom
16665.0,United Kingdom
15454.0,United Kingdom
15044.0,United Kingdom
17937.0,United Kingdom
14608.0,United Kingdom
17618.0,United Kingdom
14505.0,United Kingdom
18037.0,United Kingdom
13198.0,United Kingdom
12540.0,Spain
13225.0,United Kingdom
15361.0,United Kingdom
15689.0,United Kingdom
14290.0,United Kingdom
13209.0,United Kingdom
13999.0,United Kingdom
14498.0,United Kingdom
15854.0,United Kingdom
16701.0,United Kingdom
16927.0,United Kingdom
17990.0,United Kingdom
14544.0,United Kingdom
17338.0,United Kingdom
17799.0,United Kingdom
14565.0,United Kingdom
16726.0,United Kingdom
17303.0,United Kingdom
14639.0,United Kingdom
17611.0,United Kingdom
17231.0,United Kingdom
17179.0,United Kingdom
17524.0,United Kingdom
12476.0,Germany
17293.0,United Kingdom
17890.0,United Kingdom
17375.0,United Kingdom
17371.0,United Kingdom
17969.0,United Kingdom
14625.0,United Kingdom
15159.0,United Kingdom
13211.0,United Kingdom
15777.0,United Kingdom
14525.0,United Kingdom
13324.0,United Kingdom
13948.0,United Kingdom
16202.0,United Kingdom
16442.0,United Kingdom
18075.0,United Kingdom
14524.0,United Kingdom
14961.0,United Kingdom
17041.0,United Kingdom
16458.0,United Kingdom
16083.0,United Kingdom
17194.0,United Kingdom
14057.0,United Kingdom
14871.0,United Kingdom
13178.0,United Kingdom
18044.0,United Kingdom
16812.0,United Kingdom
16191.0,United Kingdom
12370.0,Cyprus
14298.0,United Kingdom
17158.0,United Kingdom
16899.0,United Kingdom
16531.0,United Kingdom
17404.0,Sweden
14415.0,United Kingdom
16556.0,United Kingdom
16805.0,United Kingdom
16503.0,United Kingdom
16553.0,United Kingdom
17739.0,United Kingdom
13238.0,United Kingdom
12829.0,United Kingdom
13097.0,United Kingdom
15392.0,United Kingdom
13846.0,United Kingdom
12867.0,United Kingdom
14401.0,United Kingdom
16145.0,United Kingdom
17629.0,United Kingdom
14150.0,United Kingdom
13496.0,United Kingdom
13611.0,United Kingdom
16954.0,United Kingdom
17454.0,United Kingdom
17449.0,United Kingdom
13295.0,United Kingdom
17230.0,United Kingdom
15384.0,United Kingdom
15950.0,United Kingdom
15512.0,United Kingdom
17525.0,United Kingdom
13458.0,United Kingdom
16003.0,United Kingdom
13092.0,United Kingdom
13426.0,United Kingdom
15101.0,United Kingdom
17033.0,United Kingdom
13221.0,United Kingdom
14201.0,United Kingdom
17692.0,United Kingdom
15822.0,United Kingdom
16134.0,United Kingdom
17551.0,United Kingdom
18050.0,United Kingdom
14913.0,United Kingdom
15641.0,United Kingdom
13124.0,United Kingdom
17214.0,United Kingdom
15456.0,United Kingdom
15062.0,United Kingdom
12928.0,United Kingdom
15727.0,United Kingdom
17980.0,United Kingdom
15290.0,United Kingdom
17752.0,United Kingdom
15615.0,United Kingdom
12577.0,France
17189.0,United Kingdom
17496.0,United Kingdom
16607.0,United Kingdom
13317.0,United Kingdom
13890.0,United Kingdom
17001.0,United Kingdom
15246.0,United Kingdom
15482.0,United Kingdom
13021.0,United Kingdom
16037.0,United Kingdom
14841.0,United Kingdom
16670.0,United Kingdom
16985.0,United Kingdom
16705.0,United Kingdom
14414.0,United Kingdom
15563.0,United Kingdom
12980.0,United Kingdom
16746.0,United Kingdom
16470.0,United Kingdom
14878.0,United Kingdom
16743.0,United Kingdom
17146.0,United Kingdom
12877.0,United Kingdom
15394.0,United Kingdom
14621.0,United Kingdom
15379.0,United Kingdom
14309.0,United Kingdom
17288.0,United Kingdom
14709.0,United Kingdom
15157.0,United Kingdom
17744.0,United Kingdom
16316.0,United Kingdom
15620.0,United Kingdom
15789.0,United Kingdom
16560.0,United Kingdom
13534.0,United Kingdom
17580.0,United Kingdom
15759.0,United Kingdom
14373.0,United Kingdom
18176.0,United Kingdom
14092.0,United Kingdom
15366.0,United Kingdom
14735.0,United Kingdom
16271.0,United Kingdom
18223.0,United Kingdom
15532.0,United Kingdom
16816.0,United Kingdom
16684.0,United Kingdom
14334.0,United Kingdom
16945.0,United Kingdom
14643.0,United Kingdom
15197.0,United Kingdom
14220.0,United Kingdom
13874.0,United Kingdom
18260.0,United Kingdom
17848.0,United Kingdom
17392.0,United Kingdom
12348.0,Finland
14985.0,United Kingdom
13004.0,United Kingdom
14560.0,United Kingdom
12370.0,Austria
12931.0,United Kingdom
13627.0,United Kingdom
12551.0,Spain
12782.0,Portugal
14769.0,United Kingdom
15780.0,United Kingdom
12417.0,Belgium
17315.0,United Kingdom
16711.0,United Kingdom
12726.0,France
15204.0,United Kingdom
17888.0,United Kingdom
17007.0,United Kingdom
15160.0,United Kingdom
14016.0,EIRE
13033.0,United Kingdom
12691.0,France
13869.0,United Kingdom
14146.0,United Kingdom
12705.0,Germany
16885.0,United Kingdom
17913.0,United Kingdom
12668.0,Germany
14472.0,United Kingdom
17358.0,United Kingdom
16686.0,United Kingdom
18245.0,United Kingdom
17343.0,United Kingdom
16153.0,United Kingdom
12377.0,Switzerland
14646.0,Netherlands
12944.0,United Kingdom
15279.0,United Kingdom
14099.0,United Kingdom
12721.0,France
13104.0,United Kingdom
14113.0,United Kingdom
13027.0,United Kingdom
15312.0,United Kingdom
17621.0,United Kingdom
17090.0,United Kingdom
15527.0,United Kingdom
18097.0,United Kingdom
15460.0,United Kingdom
15034.0,United Kingdom
12423.0,Belgium
12678.0,France
15208.0,United Kingdom
16996.0,United Kingdom
17306.0,United Kingdom
14737.0,United Kingdom
13029.0,United Kingdom
16270.0,United Kingdom
13487.0,United Kingdom
12515.0,Italy
17400.0,United Kingdom
17593.0,United Kingdom
13953.0,United Kingdom
14533.0,United Kingdom
12734.0,France
14532.0,United Kingdom
12383.0,Belgium
15562.0,United Kingdom
15587.0,United Kingdom
13922.0,United Kingdom
13817.0,Germany
12585.0,Germany
13165.0,United Kingdom
13304.0,United Kingdom
13313.0,United Kingdom
16875.0,United Kingdom
16282.0,United Kingdom
12957.0,United Kingdom
14462.0,United Kingdom
13397.0,United Kingdom
13680.0,United Kingdom
12483.0,Sweden
15164.0,United Kingdom
17457.0,United Kingdom
14732.0,United Kingdom
14221.0,United Kingdom
14553.0,United Kingdom
13253.0,United Kingdom
15841.0,United Kingdom
16112.0,United Kingdom
13629.0,United Kingdom
16600.0,United Kingdom
15661.0,United Kingdom
16532.0,United Kingdom
15266.0,United Kingdom
14653.0,United Kingdom
16771.0,United Kingdom
17585.0,United Kingdom
15046.0,United Kingdom
13082.0,United Kingdom
15464.0,United Kingdom
18226.0,United Kingdom
18062.0,United Kingdom
12415.0,Australia
17368.0,United Kingdom
14618.0,United Kingdom
14258.0,United Kingdom
15719.0,United Kingdom
13368.0,United Kingdom
17634.0,United Kingdom
16676.0,United Kingdom
18283.0,United Kingdom
12735.0,France
13764.0,United Kingdom
13656.0,United Kingdom
12413.0,France
14312.0,United Kingdom
13280.0,United Kingdom
15845.0,United Kingdom
13187.0,United Kingdom
16567.0,United Kingdom
14828.0,United Kingdom
12530.0,Germany
16551.0,United Kingdom
16889.0,United Kingdom
16473.0,United Kingdom
13750.0,United Kingdom
12501.0,Germany
15607.0,United Kingdom
15139.0,United Kingdom
12489.0,France
17707.0,United Kingdom
18198.0,United Kingdom
12484.0,Spain
18179.0,United Kingdom
17284.0,United Kingdom
13233.0,United Kingdom
14889.0,United Kingdom
12480.0,Germany
14672.0,United Kingdom
13593.0,United Kingdom
14867.0,United Kingdom
13162.0,United Kingdom
13183.0,United Kingdom
17095.0,United Kingdom
12939.0,United Kingdom
15611.0,United Kingdom
17114.0,United Kingdom
15059.0,United Kingdom
16326.0,United Kingdom
17128.0,United Kingdom
14761.0,United Kingdom
17555.0,United Kingdom
12651.0,France
16735.0,United Kingdom
16833.0,United Kingdom
17800.0,United Kingdom
16748.0,United Kingdom
14755.0,United Kingdom
16549.0,United Kingdom
13565.0,United Kingdom
15799.0,United Kingdom
18032.0,United Kingdom
13451.0,United Kingdom
14794.0,United Kingdom
12539.0,Spain
16350.0,United Kingdom
12500.0,Germany
18171.0,United Kingdom
12524.0,Germany
17811.0,United Kingdom
16850.0,United Kingdom
14321.0,United Kingdom
15326.0,United Kingdom
17849.0,United Kingdom
14229.0,United Kingdom
13107.0,United Kingdom
16497.0,United Kingdom
16303.0,United Kingdom
15281.0,United Kingdom
12736.0,France
13473.0,United Kingdom
14320.0,United Kingdom
12393.0,Australia
17742.0,United Kingdom
16351.0,United Kingdom
12601.0,Germany
13144.0,United Kingdom
15346.0,United Kingdom
15370.0,United Kingdom
12643.0,France
16034.0,United Kingdom
17365.0,United Kingdom
15189.0,United Kingdom
14669.0,United Kingdom
18095.0,United Kingdom
15749.0,United Kingdom
15518.0,United Kingdom
14209.0,United Kingdom
16042.0,United Kingdom
15569.0,United Kingdom
12728.0,France
13672.0,United Kingdom
17569.0,United Kingdom
13784.0,United Kingdom
12724.0,France
13862.0,United Kingdom
16791.0,United Kingdom
16235.0,United Kingdom
14270.0,United Kingdom
12523.0,France
16655.0,United Kingdom
16359.0,United Kingdom
16554.0,United Kingdom
12359.0,Cyprus
15939.0,United Kingdom
14587.0,United Kingdom
14715.0,United Kingdom
14185.0,United Kingdom
12437.0,France
14040.0,United Kingdom
12652.0,France
14514.0,United Kingdom
15171.0,United Kingdom
14167.0,United Kingdom
17389.0,United Kingdom
17048.0,United Kingdom
17364.0,United Kingdom
13284.0,United Kingdom
16500.0,United Kingdom
12951.0,United Kingdom
15835.0,United Kingdom
18190.0,United Kingdom
13993.0,United Kingdom
14114.0,United Kingdom
15447.0,United Kingdom
16315.0,United Kingdom
14978.0,United Kingdom
16395.0,United Kingdom
15510.0,United Kingdom
13614.0,United Kingdom
13246.0,United Kingdom
15687.0,United Kingdom
12578.0,Italy
16493.0,United Kingdom
12490.0,France
12672.0,France
13385.0,United Kingdom
12474.0,Germany
15626.0,United Kingdom
12553.0,France
15213.0,United Kingdom
14175.0,United Kingdom
18106.0,United Kingdom
15033.0,United Kingdom
14329.0,United Kingdom
16401.0,United Kingdom
16206.0,United Kingdom
13782.0,United Kingdom
12924.0,United Kingdom
16593.0,United Kingdom
15535.0,United Kingdom
13700.0,United Kingdom
13064.0,United Kingdom
13048.0,United Kingdom
13634.0,United Kingdom
18069.0,United Kingdom
16843.0,United Kingdom
17064.0,United Kingdom
17609.0,United Kingdom
15673.0,United Kingdom
12626.0,Germany
14976.0,United Kingdom
12388.0,Australia
13527.0,United Kingdom
15696.0,United Kingdom
15316.0,United Kingdom
12673.0,Germany
15296.0,United Kingdom
17988.0,United Kingdom
12820.0,United Kingdom
13001.0,United Kingdom
14101.0,United Kingdom
14238.0,United Kingdom
17730.0,United Kingdom
13929.0,United Kingdom
14657.0,United Kingdom
13859.0,United Kingdom
18212.0,United Kingdom
18233.0,United Kingdom
17018.0,United Kingdom
14242.0,United Kingdom
12356.0,Portugal
12346.0,United Kingdom
13898.0,United Kingdom
16948.0,United Kingdom
16997.0,United Kingdom
12527.0,Germany
15395.0,United Kingdom
12510.0,Spain
13263.0,United Kingdom
14428.0,United Kingdom
12665.0,Germany
12451.0,Switzerland
12422.0,Australia
17708.0,United Kingdom
14090.0,United Kingdom
15606.0,United Kingdom
13310.0,United Kingdom
15831.0,United Kingdom
14916.0,United Kingdom
17602.0,United Kingdom
14572.0,United Kingdom
13502.0,United Kingdom
14784.0,United Kingdom
15938.0,United Kingdom
12637.0,France
17418.0,United Kingdom
14779.0,United Kingdom
16321.0,Australia
15262.0,United Kingdom
17862.0,United Kingdom
12402.0,Belgium
17771.0,United Kingdom
15422.0,United Kingdom
13008.0,United Kingdom
14770.0,United Kingdom
16912.0,United Kingdom
15174.0,United Kingdom
12594.0,Italy
17504.0,United Kingdom
16387.0,United Kingdom
12664.0,Finland
16618.0,United Kingdom
17277.0,United Kingdom
14088.0,United Kingdom
17094.0,United Kingdom
14692.0,United Kingdom
12970.0,United Kingdom
17889.0,United Kingdom
17714.0,United Kingdom
12916.0,United Kingdom
17769.0,United Kingdom
14450.0,United Kingdom
16085.0,United Kingdom
13659.0,United Kingdom
15167.0,United Kingdom
15443.0,United Kingdom
14224.0,United Kingdom
13742.0,United Kingdom
17673.0,United Kingdom
12727.0,France
14068.0,United Kingdom
13068.0,United Kingdom
14368.0,United Kingdom
15497.0,United Kingdom
12559.0,Germany
13819.0,United Kingdom
14501.0,United Kingdom
14782.0,United Kingdom
17861.0,United Kingdom
14439.0,Greece
18161.0,United Kingdom
15820.0,United Kingdom
18136.0,United Kingdom
16660.0,United Kingdom
12693.0,Germany
12625.0,Germany
13396.0,United Kingdom
15179.0,United Kingdom
12935.0,United Kingdom
16730.0,United Kingdom
14541.0,United Kingdom
13551.0,United Kingdom
12421.0,Spain
15797.0,United Kingdom
15052.0,United Kingdom
14130.0,United Kingdom
15222.0,United Kingdom
13615.0,United Kingdom
13901.0,United Kingdom
13158.0,United Kingdom
14257.0,United Kingdom
15218.0,United Kingdom
15110.0,United Kingdom
15967.0,United Kingdom
16757.0,United Kingdom
13815.0,Germany
18008.0,United Kingdom
14534.0,United Kingdom
13703.0,United Kingdom
15339.0,United Kingdom
12744.0,Singapore
12854.0,United Kingdom
16222.0,United Kingdom
14341.0,United Kingdom
13168.0,United Kingdom
16943.0,United Kingdom
17515.0,United Kingdom
17082.0,United Kingdom
14248.0,United Kingdom
12609.0,Germany
13002.0,United Kingdom
16133.0,United Kingdom
13049.0,United Kingdom
14548.0,United Kingdom
13405.0,United Kingdom
16043.0,United Kingdom
14049.0,United Kingdom
15812.0,United Kingdom
13837.0,United Kingdom
17118.0,United Kingdom
14616.0,United Kingdom
14233.0,United Kingdom
17075.0,United Kingdom
16714.0,United Kingdom
13098.0,United Kingdom
17027.0,United Kingdom
12591.0,Italy
17786.0,United Kingdom
16124.0,United Kingdom
16409.0,United Kingdom
13754.0,United Kingdom
15227.0,United Kingdom
12997.0,United Kingdom
16918.0,United Kingdom
16882.0,United Kingdom
14442.0,Channel Islands
16496.0,United Kingdom
12764.0,Lebanon
17311.0,United Kingdom
15910.0,United Kingdom
16949.0,United Kingdom
14970.0,United Kingdom
14701.0,United Kingdom
12645.0,Germany
12468.0,Germany
16767.0,United Kingdom
14738.0,United Kingdom
17540.0,United Kingdom
14239.0,United Kingdom
18125.0,United Kingdom
13328.0,United Kingdom
15549.0,United Kingdom
15864.0,United Kingdom
14662.0,United Kingdom
17180.0,United Kingdom
15057.0,United Kingdom
12574.0,France
13330.0,United Kingdom
13552.0,United Kingdom
12853.0,United Kingdom
13538.0,United Kingdom
16755.0,United Kingdom
14133.0,United Kingdom
16523.0,United Kingdom
14659.0,United Kingdom
13141.0,United Kingdom
15365.0,United Kingdom
13707.0,United Kingdom
13709.0,United Kingdom
17329.0,United Kingdom
14805.0,United Kingdom
16897.0,United Kingdom
15579.0,United Kingdom
14595.0,United Kingdom
13161.0,United Kingdom
15415.0,United Kingdom
17431.0,United Kingdom
17463.0,United Kingdom
14502.0,United Kingdom
12528.0,Germany
17239.0,United Kingdom
14426.0,United Kingdom
15448.0,United Kingdom
17314.0,United Kingdom
17373.0,United Kingdom
18145.0,United Kingdom
14467.0,United Kingdom
12908.0,United Kingdom
15144.0,United Kingdom
14776.0,United Kingdom
16403.0,United Kingdom
16407.0,United Kingdom
17619.0,United Kingdom
12778.0,Netherlands
17256.0,United Kingdom
17604.0,United Kingdom
14006.0,United Kingdom
13600.0,United Kingdom
15058.0,United Kingdom
15240.0,United Kingdom
17147.0,United Kingdom
13881.0,United Kingdom
16570.0,United Kingdom
16612.0,United Kingdom
17356.0,United Kingdom
12836.0,United Kingdom
14850.0,United Kingdom
13939.0,United Kingdom
16745.0,United Kingdom
13606.0,United Kingdom
13494.0,United Kingdom
13802.0,United Kingdom
12929.0,United Kingdom
16419.0,United Kingdom
17035.0,United Kingdom
15203.0,United Kingdom
16515.0,United Kingdom
12373.0,Austria
18202.0,United Kingdom
12775.0,Netherlands
14549.0,United Kingdom
15981.0,United Kingdom
16110.0,United Kingdom
17376.0,United Kingdom
13110.0,United Kingdom
16716.0,United Kingdom
12676.0,Sweden
15940.0,United Kingdom
15971.0,United Kingdom
14665.0,United Kingdom
14457.0,United Kingdom
15589.0,United Kingdom
14411.0,United Kingdom
17560.0,United Kingdom
15226.0,United Kingdom
14460.0,United Kingdom
16156.0,United Kingdom
13728.0,United Kingdom
14127.0,United Kingdom
16378.0,United Kingdom
13894.0,United Kingdom
13824.0,United Kingdom
18250.0,United Kingdom
15270.0,United Kingdom
14188.0,United Kingdom
18017.0,United Kingdom
15421.0,United Kingdom
17446.0,United Kingdom
12414.0,Austria
14798.0,United Kingdom
12990.0,United Kingdom
12350.0,Norway
17337.0,United Kingdom
16405.0,United Kingdom
17071.0,United Kingdom
13873.0,United Kingdom
17362.0,United Kingdom
13394.0,United Kingdom
12502.0,Spain
16333.0,United Kingdom
16030.0,United Kingdom
14044.0,United Kingdom
13800.0,United Kingdom
17672.0,United Kingdom
12464.0,Belgium
13581.0,United Kingdom
14540.0,United Kingdom
13539.0,United Kingdom
15885.0,United Kingdom
14497.0,United Kingdom
17507.0,United Kingdom
13208.0,United Kingdom
17334.0,United Kingdom
13871.0,United Kingdom
16938.0,United Kingdom
12754.0,Japan
12410.0,Switzerland
17929.0,United Kingdom
14778.0,United Kingdom
17517.0,United Kingdom
17226.0,United Kingdom
13137.0,United Kingdom
13725.0,United Kingdom
13309.0,United Kingdom
12842.0,United Kingdom
16109.0,United Kingdom
17291.0,United Kingdom
15090.0,United Kingdom
15199.0,United Kingdom
13911.0,United Kingdom
14194.0,United Kingdom
14842.0,United Kingdom
13584.0,United Kingdom
17105.0,United Kingdom
14438.0,United Kingdom
12956.0,United Kingdom
15781.0,United Kingdom
14410.0,United Kingdom
14600.0,United Kingdom
17302.0,United Kingdom
17613.0,United Kingdom
13334.0,United Kingdom
13955.0,United Kingdom
17162.0,United Kingdom
17774.0,United Kingdom
13809.0,Cyprus
15407.0,United Kingdom
15577.0,United Kingdom
16332.0,United Kingdom
14048.0,United Kingdom
14475.0,United Kingdom
17859.0,United Kingdom
12576.0,Poland
15753.0,United Kingdom
12599.0,France
14562.0,United Kingdom
16951.0,United Kingdom
16998.0,United Kingdom
13133.0,United Kingdom
17881.0,United Kingdom
15843.0,United Kingdom
17083.0,United Kingdom
15970.0,United Kingdom
13590.0,United Kingdom
17537.0,United Kingdom
12401.0,Belgium
12462.0,Spain
17843.0,United Kingdom
13706.0,United Kingdom
17940.0,United Kingdom
17686.0,United Kingdom
14431.0,United Kingdom
15809.0,United Kingdom
12561.0,Germany
14465.0,United Kingdom
18093.0,United Kingdom
16027.0,United Kingdom
12857.0,United Kingdom
18230.0,United Kingdom
16425.0,United Kingdom
16842.0,United Kingdom
15796.0,United Kingdom
14555.0,United Kingdom
15114.0,United Kingdom
15133.0,United Kingdom
17705.0,United Kingdom
12897.0,United Kingdom
17512.0,United Kingdom
12477.0,Germany
15550.0,United Kingdom
18159.0,United Kingdom
13875.0,United Kingdom
15406.0,United Kingdom
17282.0,United Kingdom
16434.0,United Kingdom
17050.0,United Kingdom
13171.0,United Kingdom
17472.0,United Kingdom
17255.0,United Kingdom
16084.0,United Kingdom
17667.0,United Kingdom
12507.0,Spain
14631.0,United Kingdom
13381.0,United Kingdom
15236.0,United Kingdom
13475.0,United Kingdom
17829.0,United Arab Emirates
13717.0,United Kingdom
13157.0,United Kingdom
14644.0,United Kingdom
12993.0,United Kingdom
17571.0,United Kingdom
16979.0,United Kingdom
16738.0,United Kingdom
15122.0,United Kingdom
17612.0,United Kingdom
17348.0,United Kingdom
13893.0,United Kingdom
14035.0,United Kingdom
13623.0,United Kingdom
14346.0,United Kingdom
16431.0,United Kingdom
12616.0,France
16317.0,United Kingdom
14935.0,Channel Islands
16073.0,United Kingdom
14477.0,United Kingdom
14760.0,United Kingdom
14897.0,United Kingdom
15810.0,United Kingdom
16509.0,United Kingdom
14386.0,United Kingdom
12455.0,Cyprus
14530.0,United Kingdom
15670.0,United Kingdom
12653.0,Israel
16126.0,United Kingdom
14609.0,United Kingdom
13414.0,United Kingdom
12823.0,United Kingdom
12352.0,Norway
12372.0,Denmark
14944.0,United Kingdom
16494.0,United Kingdom
14959.0,United Kingdom
16148.0,United Kingdom
17422.0,United Kingdom
17175.0,United Kingdom
18257.0,United Kingdom
12431.0,Belgium
12362.0,Belgium
13018.0,United Kingdom
13718.0,United Kingdom
15382.0,United Kingdom
14754.0,United Kingdom
13151.0,United Kingdom
12654.0,Germany
13085.0,United Kingdom
15903.0,United Kingdom
15785.0,United Kingdom
18138.0,United Kingdom
14379.0,United Kingdom
14211.0,United Kingdom
14371.0,United Kingdom
13425.0,United Kingdom
12852.0,United Kingdom
15228.0,United Kingdom
13012.0,United Kingdom
16182.0,United Kingdom
13489.0,United Kingdom
12714.0,France
13904.0,United Kingdom
15755.0,United Kingdom
13932.0,United Kingdom
13799.0,United Kingdom
13951.0,United Kingdom
16765.0,United Kingdom
16566.0,United Kingdom
12891.0,United Kingdom
16466.0,United Kingdom
16115.0,United Kingdom
14162.0,United Kingdom
13301.0,United Kingdom
14803.0,United Kingdom
13744.0,United Kingdom
12988.0,United Kingdom
17323.0,United Kingdom
12707.0,France
18094.0,United Kingdom
15129.0,United Kingdom
17361.0,United Kingdom
18155.0,United Kingdom
15321.0,United Kingdom
13477.0,United Kingdom
15065.0,United Kingdom
16980.0,United Kingdom
15146.0,United Kingdom
12365.0,Cyprus
13410.0,United Kingdom
13044.0,United Kingdom
16441.0,United Kingdom
16014.0,United Kingdom
14520.0,United Kingdom
18087.0,United Kingdom
17994.0,United Kingdom
13038.0,United Kingdom
17002.0,United Kingdom
15722.0,United Kingdom
16349.0,United Kingdom
16913.0,United Kingdom
17442.0,United Kingdom
14895.0,United Kingdom
18114.0,United Kingdom
15303.0,United Kingdom
12845.0,United Kingdom
18188.0,United Kingdom
16045.0,United Kingdom
16573.0,United Kingdom
13421.0,United Kingdom
18196.0,United Kingdom
13285.0,United Kingdom
13184.0,United Kingdom
18151.0,United Kingdom
13804.0,United Kingdom
17499.0,United Kingdom
15397.0,United Kingdom
14276.0,United Kingdom
13453.0,United Kingdom
18172.0,United Kingdom
16394.0,United Kingdom
17711.0,United Kingdom
13865.0,United Kingdom
16940.0,United Kingdom
14289.0,United Kingdom
16208.0,United Kingdom
17063.0,United Kingdom
13149.0,United Kingdom
18068.0,United Kingdom
15932.0,United Kingdom
16692.0,United Kingdom
17171.0,United Kingdom
18231.0,United Kingdom
14004.0,United Kingdom
17139.0,United Kingdom
14513.0,United Kingdom
15974.0,United Kingdom
17830.0,United Kingdom
12565.0,Saudi Arabia
12582.0,Finland
14231.0,United Kingdom
17867.0,United Kingdom
14880.0,United Kingdom
13118.0,United Kingdom
15121.0,United Kingdom
17117.0,United Kingdom
12945.0,United Kingdom
18056.0,United Kingdom
16072.0,United Kingdom
16838.0,United Kingdom
15543.0,United Kingdom
13751.0,United Kingdom
15847.0,United Kingdom
13851.0,United Kingdom
13501.0,Switzerland
12633.0,Germany
13345.0,United Kingdom
13870.0,United Kingdom
17034.0,United Kingdom
16592.0,United Kingdom
15712.0,United Kingdom
13362.0,United Kingdom
14470.0,United Kingdom
17388.0,United Kingdom
16841.0,United Kingdom
13753.0,United Kingdom
13666.0,United Kingdom
12361.0,Belgium
14481.0,United Kingdom
13792.0,United Kingdom
17663.0,United Kingdom
13973.0,United Kingdom
15990.0,United Kingdom
13493.0,Switzerland
13684.0,United Kingdom
13261.0,United Kingdom
16598.0,United Kingdom
14147.0,United Kingdom
15951.0,United Kingdom
13971.0,United Kingdom
17516.0,United Kingdom
13630.0,United Kingdom
14157.0,United Kingdom
13636.0,United Kingdom
13610.0,United Kingdom
14745.0,United Kingdom
12781.0,Czech Republic
14036.0,United Kingdom
16057.0,United Kingdom
16992.0,United Kingdom
15724.0,United Kingdom
12458.0,Switzerland
12598.0,France
13675.0,United Kingdom
14227.0,United Kingdom
16668.0,United Kingdom
16667.0,United Kingdom
13509.0,United Kingdom
15874.0,United Kingdom
16187.0,United Kingdom
16339.0,United Kingdom
12509.0,France
14046.0,United Kingdom
13292.0,United Kingdom
16427.0,United Kingdom
14056.0,United Kingdom
15656.0,United Kingdom
12811.0,Portugal
16518.0,United Kingdom
17165.0,United Kingdom
17462.0,United Kingdom
14620.0,United Kingdom
14740.0,United Kingdom
16462.0,United Kingdom
12428.0,Finland
16078.0,United Kingdom
16915.0,United Kingdom
15676.0,United Kingdom
15709.0,United Kingdom
15241.0,United Kingdom
12933.0,United Kingdom
15092.0,United Kingdom
12679.0,France
15319.0,United Kingdom
16212.0,United Kingdom
15257.0,United Kingdom
14656.0,United Kingdom
13884.0,United Kingdom
12866.0,Belgium
14676.0,United Kingdom
13166.0,United Kingdom
16389.0,United Kingdom
14292.0,United Kingdom
15416.0,United Kingdom
15733.0,United Kingdom
16678.0,United Kingdom
12834.0,United Kingdom
13722.0,United Kingdom
14934.0,Channel Islands
15067.0,United Kingdom
16128.0,United Kingdom
17770.0,United Kingdom
15622.0,United Kingdom
14473.0,United Kingdom
15104.0,United Kingdom
15643.0,United Kingdom
16792.0,United Kingdom
15031.0,United Kingdom
15636.0,United Kingdom
12873.0,United Kingdom
17923.0,United Kingdom
16217.0,United Kingdom
17738.0,United Kingdom
17426.0,United Kingdom
16957.0,United Kingdom
16571.0,United Kingdom
14483.0,United Kingdom
15087.0,United Kingdom
16709.0,United Kingdom
17856.0,United Kingdom
15053.0,United Kingdom
18218.0,United Kingdom
16159.0,United Kingdom
17995.0,United Kingdom
17374.0,United Kingdom
17789.0,United Kingdom
17416.0,United Kingdom
17652.0,United Kingdom
13476.0,United Kingdom
12817.0,Austria
17700.0,United Kingdom
15393.0,United Kingdom
13014.0,United Kingdom
17508.0,Greece
13931.0,United Kingdom
12541.0,Spain
13382.0,United Kingdom
15220.0,United Kingdom
14570.0,United Kingdom
14447.0,United Kingdom
13557.0,United Kingdom
16449.0,United Kingdom
12547.0,Spain
17325.0,United Kingdom
14995.0,United Kingdom
16414.0,United Kingdom
15681.0,United Kingdom
14670.0,United Kingdom
15675.0,United Kingdom
12584.0,Italy
17535.0,United Kingdom
15400.0,United Kingdom
14903.0,United Kingdom
14499.0,United Kingdom
18211.0,United Kingdom
14504.0,United Kingdom
15572.0,United Kingdom
17107.0,United Kingdom
14247.0,United Kingdom
15554.0,United Kingdom
14915.0,United Kingdom
16136.0,United Kingdom
18280.0,United Kingdom
12614.0,Germany
13344.0,United Kingdom
16621.0,United Kingdom
16225.0,United Kingdom
14214.0,United Kingdom
14012.0,United Kingdom
16356.0,United Kingdom
17654.0,United Kingdom
15026.0,United Kingdom
16517.0,United Kingdom
14817.0,United Kingdom
17092.0,United Kingdom
16242.0,United Kingdom
15869.0,United Kingdom
17817.0,United Kingdom
15834.0,United Kingdom
15234.0,United Kingdom
15764.0,United Kingdom
15806.0,United Kingdom
15819.0,United Kingdom
14586.0,United Kingdom
15944.0,United Kingdom
13340.0,United Kingdom
16917.0,United Kingdom
14407.0,United Kingdom
13908.0,United Kingdom
12758.0,Portugal
13975.0,United Kingdom
14730.0,United Kingdom
12623.0,Germany
14367.0,United Kingdom
13373.0,United Kingdom
16712.0,United Kingdom
17639.0,United Kingdom
16426.0,United Kingdom
16495.0,United Kingdom
14336.0,United Kingdom
14507.0,United Kingdom
12759.0,Netherlands
17049.0,United Kingdom
15206.0,United Kingdom
14013.0,United Kingdom
14645.0,United Kingdom
15071.0,United Kingdom
14112.0,United Kingdom
13026.0,United Kingdom
12881.0,United Kingdom
17864.0,United Kingdom
14936.0,Channel Islands
17138.0,United Kingdom
16572.0,United Kingdom
14165.0,United Kingdom
15367.0,United Kingdom
14291.0,United Kingdom
15632.0,United Kingdom
14297.0,United Kingdom
13899.0,United Kingdom
16471.0,United Kingdom
18183.0,United Kingdom
14603.0,United Kingdom
18173.0,United Kingdom
14854.0,United Kingdom
16625.0,United Kingdom
14064.0,United Kingdom
15308.0,United Kingdom
18086.0,United Kingdom
14350.0,United Kingdom
14930.0,Channel Islands
16080.0,United Kingdom
14727.0,United Kingdom
16778.0,United Kingdom
14077.0,United Kingdom
16808.0,United Kingdom
16475.0,United Kingdom
13265.0,United Kingdom
12520.0,Germany
15049.0,United Kingdom
18149.0,United Kingdom
13654.0,United Kingdom
16652.0,United Kingdom
16766.0,United Kingdom
16801.0,United Kingdom
17164.0,United Kingdom
13226.0,United Kingdom
13043.0,United Kingdom
14352.0,United Kingdom
17351.0,United Kingdom
16768.0,United Kingdom
16693.0,United Kingdom
13956.0,United Kingdom
13708.0,United Kingdom
15918.0,United Kingdom
15671.0,United Kingdom
14962.0,United Kingdom
16807.0,United Kingdom
15125.0,United Kingdom
16871.0,United Kingdom
12901.0,United Kingdom
13452.0,United Kingdom
15493.0,United Kingdom
16005.0,United Kingdom
15388.0,Canada
16804.0,United Kingdom
13499.0,United Kingdom
15047.0,United Kingdom
14193.0,United Kingdom
17542.0,United Kingdom
15181.0,United Kingdom
17080.0,United Kingdom
16392.0,United Kingdom
15106.0,United Kingdom
16214.0,United Kingdom
13716.0,United Kingdom
15150.0,United Kingdom
14226.0,United Kingdom
13121.0,United Kingdom
16297.0,United Kingdom
12994.0,United Kingdom
16152.0,United Kingdom
14636.0,United Kingdom
16040.0,United Kingdom
15793.0,United Kingdom
13358.0,United Kingdom
12849.0,United Kingdom
15182.0,United Kingdom
13299.0,United Kingdom
16383.0,United Kingdom
15381.0,United Kingdom
12597.0,Spain
15030.0,United Kingdom
12435.0,Denmark
12955.0,United Kingdom
18189.0,United Kingdom
13946.0,United Kingdom
17716.0,United Kingdom
13185.0,United Kingdom
14840.0,United Kingdom
13216.0,United Kingdom
13650.0,United Kingdom
13533.0,United Kingdom
13268.0,United Kingdom
15433.0,United Kingdom
12937.0,United Kingdom
16216.0,United Kingdom
16377.0,United Kingdom
16976.0,United Kingdom
12514.0,Italy
18210.0,United Kingdom
13631.0,United Kingdom
14422.0,United Kingdom
15648.0,United Kingdom
17725.0,United Kingdom
15861.0,United Kingdom
13072.0,United Kingdom
15695.0,United Kingdom
14110.0,United Kingdom
14059.0,United Kingdom
16672.0,United Kingdom
16511.0,United Kingdom
16256.0,United Kingdom
13591.0,United Kingdom
14066.0,United Kingdom
15483.0,United Kingdom
16626.0,United Kingdom
15019.0,United Kingdom
18270.0,United Kingdom
14315.0,United Kingdom
17921.0,United Kingdom
14041.0,United Kingdom
17060.0,United Kingdom
16023.0,United Kingdom
17133.0,United Kingdom
12878.0,United Kingdom
14155.0,United Kingdom
17043.0,United Kingdom
13046.0,United Kingdom
14633.0,United Kingdom
12948.0,United Kingdom
15703.0,United Kingdom
